draw_date,draw_number,n1,n2,n3,n4,n5,mega
2011-08-31,2547,2,22,27,31,32,11
2011-09-03,2548,13,30,39,42,47,5
2011-09-07,2549,7,15,34,41,42,8
2011-09-10,2550,7,11,15,20,34,2
2011-09-14,2551,9,15,18,32,36,27
2011-09-17,2552,7,12,14,16,37,14
2011-09-21,2553,4,26,31,35,45,4
2011-09-28,2555,6,13,24,29,44,3
2011-10-01,2556,3,5,13,15,21,9
2011-10-05,2557,15,25,29,30,37,26
2011-10-08,2558,27,32,35,45,46,21
2011-10-12,2559,2,28,35,44,47,21
2011-10-15,2560,2,18,25,32,46,15
2011-10-19,2561,13,29,33,37,40,9
2011-10-22,2562,21,27,34,39,45,22
2011-10-26,2563,15,20,25,40,41,20
2011-10-29,2564,5,7,39,46,47,6
2011-11-02,2565,2,7,22,27,32,12
2011-11-05,2566,3,8,10,16,22,11
2011-11-09,2567,2,17,33,35,41,9
2011-11-12,2568,21,22,25,28,43,12
2011-11-16,2569,22,23,26,38,42,3
2011-11-19,2570,4,18,21,33,39,7
2011-11-23,2571,6,13,30,31,45,2
2011-11-26,2572,15,16,28,33,38,23
2011-11-30,2573,4,6,22,32,45,8
2011-12-03,2574,1,12,19,29,34,12
2011-12-07,2575,1,2,34,37,42,9
2011-12-10,2576,7,15,31,32,47,24
2011-12-14,2577,7,27,33,42,44,24
2011-12-17,2578,17,23,29,37,46,17
2011-12-21,2579,8,21,38,43,44,24
2011-12-24,2580,12,15,37,42,43,8
2011-12-28,2581,12,22,28,31,42,2
2011-12-31,2582,1,16,27,33,46,25
2012-01-04,2583,15,30,34,41,45,20
2012-01-07,2584,2,5,16,31,35,14
2012-01-11,2585,2,5,11,12,30,24
2012-01-14,2586,4,8,25,29,38,13
2012-01-18,2587,2,13,25,32,45,23
2012-01-21,2588,16,18,23,40,46,4
2012-01-25,2589,1,30,33,43,46,9
2012-01-28,2590,10,15,33,34,37,8
2012-02-01,2591,2,13,19,39,46,26
2012-02-04,2592,8,12,25,33,45,5
2012-02-08,2593,11,24,26,36,38,13
2012-02-11,2594,1,2,18,34,43,27
2012-02-15,2595,3,5,16,25,37,16
2012-02-18,2596,1,19,32,41,42,11
2012-02-22,2597,1,34,37,39,41,10
2012-02-25,2598,2,8,12,15,22,12
2012-02-29,2599,11,13,17,24,47,10
2012-03-03,2600,2,4,6,7,18,8
2012-03-07,2601,11,18,21,30,34,6
2012-03-10,2602,14,24,28,35,40,19
2012-03-14,2603,28,32,33,34,45,21
2012-03-17,2604,2,13,20,25,37,15
2012-03-21,2605,8,21,31,40,42,2
2012-03-24,2606,8,19,24,26,36,25
2012-03-28,2607,17,23,34,41,43,11
2012-03-31,2608,2,12,15,25,47,13
2012-04-04,2609,7,21,26,28,30,10
2012-04-07,2610,9,16,25,45,47,5
2012-04-11,2611,13,15,17,29,41,10
2012-04-14,2612,1,3,19,36,45,8
2012-04-18,2613,5,7,8,10,29,16
2012-04-21,2614,9,20,30,37,41,5
2012-04-25,2615,12,15,19,20,28,21
2012-04-28,2616,7,12,20,21,40,11
2012-05-02,2617,6,11,18,32,43,26
2012-05-05,2618,25,28,29,37,42,18
2012-05-09,2619,2,21,31,43,47,27
2012-05-12,2620,10,24,26,30,35,6
2012-05-16,2621,9,15,17,24,35,18
2012-05-19,2622,4,13,15,26,46,2
2012-05-23,2623,7,19,26,30,34,13
2012-05-26,2624,11,17,40,44,45,23
2012-05-30,2625,7,14,23,26,31,5
2012-06-02,2626,1,15,20,30,40,13
2012-06-06,2627,4,18,21,23,42,26
2012-06-09,2628,2,18,22,28,40,10
2012-06-13,2629,1,4,11,13,44,16
2012-06-16,2630,5,36,37,42,43,24
2012-06-20,2631,4,7,9,16,25,17
2012-06-23,2632,2,3,10,22,25,7
2012-06-27,2633,4,19,38,42,44,19
2012-06-30,2634,4,22,23,32,39,23
2012-07-04,2635,1,8,22,33,37,7
2012-07-07,2636,7,27,41,42,46,1
2012-07-11,2637,12,21,39,40,43,26
2012-07-14,2638,2,6,8,12,19,23
2012-07-18,2639,16,18,19,29,38,9
2012-07-21,2640,8,19,23,24,30,23
2012-07-25,2641,3,8,17,20,44,23
2012-07-28,2642,14,19,22,36,40,3
2012-08-01,2643,2,11,36,40,45,13
2012-08-04,2644,5,18,28,43,44,24
2012-08-08,2645,6,22,31,36,43,18
2012-08-11,2646,6,19,39,40,43,24
2012-08-15,2647,2,18,23,24,39,5
2012-08-18,2648,4,18,19,42,43,25
2012-08-22,2649,4,11,22,34,40,9
2012-08-25,2650,4,7,11,15,38,4
2012-08-29,2651,19,26,32,34,42,1
2012-09-01,2652,14,17,31,42,47,13
2012-09-05,2653,5,10,12,20,29,25
2012-09-08,2654,4,6,22,29,47,27
2012-09-12,2655,7,8,14,23,41,13
2012-09-15,2656,1,6,7,19,36,16
2012-09-19,2657,5,11,28,34,39,15
2012-09-22,2658,4,7,13,28,34,4
2012-09-26,2659,13,18,31,38,44,25
2012-09-29,2660,3,4,27,30,39,3
2012-10-03,2661,8,12,13,29,36,10
2012-10-06,2662,3,9,15,17,31,25
2012-10-10,2663,21,35,40,44,47,11
2012-10-13,2664,4,5,25,43,45,25
2012-10-17,2665,4,19,25,40,42,3
2012-10-20,2666,20,22,26,27,43,16
2012-10-24,2667,20,26,36,41,42,16
2012-10-27,2668,5,14,36,38,47,18
2012-10-31,2669,9,16,29,31,40,20
2012-11-03,2670,11,14,20,36,39,11
2012-11-07,2671,13,25,29,40,46,21
2012-11-10,2672,12,14,22,32,46,24
2012-11-14,2673,11,15,25,31,32,18
2012-11-17,2674,8,9,16,22,26,15
2012-11-21,2675,1,2,7,19,47,14
2012-11-24,2676,2,11,12,26,42,7
2012-11-28,2677,2,9,13,21,46,23
2012-12-01,2678,4,17,18,32,46,24
2012-12-05,2679,11,15,17,30,37,11
2012-12-08,2680,17,24,30,33,45,22
2012-12-12,2681,1,36,41,44,47,10
2012-12-15,2682,11,15,24,26,28,10
2012-12-19,2683,6,9,11,28,45,7
2012-12-22,2684,7,12,20,32,39,20
2012-12-26,2685,2,9,24,33,37,1
2012-12-29,2686,6,9,20,28,33,19
2013-01-02,2687,4,6,22,24,29,18
2013-01-05,2688,2,14,15,37,43,23
2013-01-09,2689,3,8,18,40,45,26
2013-01-12,2690,10,11,27,34,39,27
2013-01-16,2691,26,30,32,37,45,16
2013-01-19,2692,5,10,26,28,43,9
2013-01-23,2693,8,16,22,30,33,4
2013-01-26,2694,4,10,23,24,44,23
2013-01-30,2695,7,22,35,36,37,4
2013-02-02,2696,7,12,15,17,37,25
2013-02-06,2697,1,8,12,32,41,21
2013-02-09,2698,16,32,35,40,47,24
2013-02-13,2699,16,17,20,32,36,10
2013-02-16,2700,13,14,19,35,45,20
2013-02-20,2701,8,14,32,35,37,4
2013-02-23,2702,8,28,32,43,44,11
2013-02-27,2703,5,6,12,15,39,18
2013-03-02,2704,5,10,26,43,44,16
2013-03-06,2705,1,2,3,22,34,8
2013-03-09,2706,3,11,21,36,47,7
2013-03-13,2707,22,23,34,40,42,9
2013-03-16,2708,14,23,28,30,35,24
2013-03-20,2709,8,11,13,22,26,18
2013-03-23,2710,4,11,21,26,46,6
2013-03-27,2711,4,10,29,36,44,17
2013-03-30,2712,5,22,28,37,43,19
2013-04-03,2713,15,21,25,31,44,27
2013-04-06,2714,20,21,32,37,41,22
2013-04-10,2715,9,18,37,41,42,3
2013-04-13,2716,12,14,29,39,41,26
2013-04-17,2717,1,3,5,23,29,15
2013-04-20,2718,3,15,26,32,39,6
2013-04-24,2719,5,25,32,33,46,26
2013-04-27,2720,21,32,36,39,40,25
2013-05-01,2721,9,14,16,18,19,24
2013-05-04,2722,11,13,15,17,26,26
2013-05-08,2723,9,27,28,34,47,6
2013-05-11,2724,30,31,32,34,39,6
2013-05-15,2725,13,17,18,33,46,7
2013-05-18,2726,7,12,30,40,47,16
2013-05-22,2727,19,24,32,45,47,14
2013-05-25,2728,2,11,12,25,32,26
2013-05-29,2729,12,36,37,44,47,13
2013-06-01,2730,6,9,10,25,45,4
2013-06-05,2731,5,8,28,35,39,8
2013-06-08,2732,10,23,30,38,43,8
2013-06-12,2733,30,38,41,42,43,22
2013-06-15,2734,30,33,41,44,47,7
2013-06-19,2735,3,5,32,34,36,20
2013-06-22,2736,9,23,25,27,34,12
2013-06-26,2737,4,20,26,31,36,22
2013-06-29,2738,6,26,30,41,44,8
2013-07-03,2739,14,35,36,40,47,6
2013-07-06,2740,2,18,20,21,45,24
2013-07-10,2741,1,2,3,28,38,21
2013-07-13,2742,1,2,6,25,40,19
2013-07-17,2743,12,17,22,25,37,24
2013-07-20,2744,10,13,27,33,34,23
2013-07-24,2745,10,22,34,37,47,23
2013-07-27,2746,18,20,30,40,42,15
2013-07-31,2747,15,17,29,32,41,23
2013-08-03,2748,12,32,39,46,47,5
2013-08-07,2749,21,29,31,35,45,2
2013-08-10,2750,5,7,14,44,46,27
2013-08-14,2751,1,7,15,31,43,3
2013-08-17,2752,5,8,19,21,37,12
2013-08-21,2753,17,29,36,41,43,17
2013-08-24,2754,1,15,35,40,45,23
2013-08-28,2755,9,25,40,44,47,15
2013-08-31,2756,4,18,24,33,47,1
2013-09-04,2757,12,19,22,37,45,15
2013-09-07,2758,25,28,35,45,47,20
2013-09-11,2759,3,5,14,40,46,2
2013-09-14,2760,7,15,17,33,35,22
2013-09-18,2761,4,7,10,25,41,10
2013-09-21,2762,10,15,25,36,46,18
2013-09-25,2763,5,14,22,25,26,8
2013-09-28,2764,6,22,29,44,46,9
2013-10-02,2765,23,30,37,38,45,22
2013-10-05,2766,13,22,33,46,47,24
2013-10-09,2767,1,32,33,38,43,16
2013-10-12,2768,5,7,13,31,43,20
2013-10-16,2769,9,19,32,40,47,6
2013-10-19,2770,4,21,33,38,41,6
2013-10-23,2771,4,16,28,35,45,1
2013-10-26,2772,11,25,33,35,41,10
2013-10-30,2773,3,12,33,44,47,22
2013-11-02,2774,2,15,23,32,39,12
2013-11-06,2775,3,4,8,13,43,6
2013-11-09,2776,7,14,34,41,46,1
2013-11-13,2777,1,9,13,34,46,13
2013-11-16,2778,18,19,27,29,45,15
2013-11-20,2779,1,3,26,29,37,6
2013-11-23,2780,9,17,22,32,47,3
2013-11-27,2781,6,7,30,41,43,11
2013-11-30,2782,2,11,13,16,22,23
2013-12-04,2783,7,24,28,43,46,13
2013-12-07,2784,3,17,23,37,47,22
2013-12-11,2785,2,18,27,36,37,6
2013-12-14,2786,10,12,18,22,31,2
2013-12-18,2787,14,16,17,24,33,2
2013-12-21,2788,2,32,43,46,47,7
2013-12-25,2789,8,23,26,33,40,14
2013-12-28,2790,4,23,27,28,33,16
2014-01-01,2791,3,9,19,24,42,16
2014-01-04,2792,1,10,14,35,47,11
2014-01-08,2793,16,17,21,26,37,2
2014-01-11,2794,5,9,11,35,43,4
2014-01-15,2795,9,21,34,43,46,21
2014-01-18,2796,16,23,25,35,47,13
2014-01-22,2797,1,7,31,42,44,24
2014-01-25,2798,5,7,13,38,43,11
2014-01-29,2799,5,9,17,29,33,1
2014-02-01,2800,9,14,15,16,44,24
2014-02-05,2801,34,39,40,45,47,18
2014-02-08,2802,12,14,39,43,45,19
2014-02-12,2803,10,19,28,32,39,18
2014-02-15,2804,8,21,24,28,38,1
2014-02-19,2805,10,15,22,24,31,1
2014-02-22,2806,9,22,29,32,39,23
2014-02-26,2807,5,7,17,20,23,23
2014-03-01,2808,4,10,20,30,35,13
2014-03-05,2809,6,32,33,43,44,16
2014-03-08,2810,1,16,26,45,46,5
2014-03-12,2811,4,23,25,33,42,15
2014-03-15,2812,10,20,21,23,36,7
2014-03-19,2813,3,9,13,20,28,24
2014-03-22,2814,8,30,35,38,41,27
2014-03-26,2815,3,8,26,37,46,18
2014-03-29,2816,12,20,24,30,42,7
2014-04-02,2817,7,8,23,37,42,23
2014-04-05,2818,2,13,29,33,41,19
2014-04-09,2819,1,5,13,35,46,14
2014-04-12,2820,2,12,20,27,38,5
2014-04-16,2821,11,16,23,38,39,20
2014-04-19,2822,5,30,31,32,46,7
2014-04-23,2823,2,18,19,25,36,10
2014-04-26,2824,15,16,24,29,35,6
2014-04-30,2825,7,14,16,22,28,20
2014-05-03,2826,5,9,25,31,46,26
2014-05-07,2827,4,6,16,27,39,10
2014-05-10,2828,14,20,21,25,31,25
2014-05-14,2829,8,12,15,28,33,26
2014-05-17,2830,2,4,20,24,27,10
2014-05-21,2831,6,12,36,39,44,2
2014-05-24,2832,11,13,23,27,29,10
2014-05-28,2833,4,14,19,36,41,3
2014-05-31,2834,4,8,15,41,44,2
2014-06-04,2835,7,11,24,37,47,1
2014-06-07,2836,1,3,8,25,40,8
2014-06-11,2837,3,15,23,25,38,7
2014-06-14,2838,5,16,20,29,42,5
2014-06-18,2839,1,31,32,34,47,10
2014-06-21,2840,13,16,18,29,39,3
2014-06-25,2841,4,15,33,40,45,4
2014-06-28,2842,18,27,29,38,42,24
2014-07-02,2843,16,34,42,44,46,9
2014-07-05,2844,3,11,12,26,27,10
2014-07-09,2845,7,20,30,34,45,15
2014-07-12,2846,11,15,18,23,28,12
2014-07-16,2847,3,5,6,14,34,17
2014-07-19,2848,7,15,18,26,39,19
2014-07-23,2849,2,9,33,36,37,12
2014-07-26,2850,16,22,26,31,36,13
2014-07-30,2851,4,11,25,33,40,6
2014-08-02,2852,6,16,22,27,32,3
2014-08-06,2853,2,29,32,37,38,26
2014-08-09,2854,8,13,14,16,33,4
2014-08-13,2855,14,18,20,27,46,18
2014-08-16,2856,12,13,22,27,28,3
2014-08-20,2857,9,11,14,18,36,25
2014-08-23,2858,13,23,25,38,43,23
2014-08-27,2859,1,2,6,29,33,14
2014-08-30,2860,9,15,31,32,46,14
2014-09-03,2861,12,18,21,26,41,10
2014-09-06,2862,6,23,33,36,41,14
2014-09-10,2863,10,12,15,31,46,23
2014-09-13,2864,36,37,38,41,47,5
2014-09-17,2865,6,7,13,39,46,18
2014-09-20,2866,2,7,12,15,38,3
2014-09-24,2867,17,23,28,33,42,1
2014-09-27,2868,1,3,6,42,47,1
2014-10-01,2869,2,6,7,15,37,10
2014-10-04,2870,8,12,27,33,35,27
2014-10-08,2871,1,14,34,42,44,21
2014-10-11,2872,3,5,6,15,18,21
2014-10-15,2873,2,8,18,22,33,13
2014-10-18,2874,9,12,15,23,40,16
2014-10-22,2875,2,20,25,32,33,26
2014-10-25,2876,1,18,22,38,44,26
2014-10-29,2877,12,13,32,38,41,16
2014-11-01,2878,3,12,21,24,42,7
2014-11-05,2879,1,15,21,24,26,26
2014-11-08,2880,19,21,24,25,32,18
2014-11-12,2881,10,20,34,36,47,21
2014-11-15,2882,4,7,34,41,43,25
2014-11-19,2883,8,29,37,43,47,23
2014-11-22,2884,2,4,8,9,18,2
2014-11-26,2885,3,10,20,28,32,12
2014-11-29,2886,5,30,37,45,47,21
2014-12-03,2887,9,19,23,37,47,23
2014-12-06,2888,20,30,38,44,45,20
2014-12-10,2889,1,3,13,25,39,8
2014-12-13,2890,3,7,19,25,42,5
2014-12-17,2891,6,7,14,21,26,22
2014-12-20,2892,5,7,21,31,33,12
2014-12-24,2893,3,6,8,22,38,26
2014-12-27,2894,3,7,19,29,32,26
2014-12-31,2895,8,15,29,35,45,18
2015-01-03,2896,6,14,15,28,44,26
2015-01-07,2897,11,19,30,36,38,7
2015-01-10,2898,1,5,16,24,30,7
2015-01-14,2899,5,14,16,19,36,23
2015-01-17,2900,14,19,29,32,42,27
2015-01-21,2901,4,15,26,27,39,3
2015-01-24,2902,1,15,23,24,30,7
2015-01-28,2903,2,10,36,43,46,23
2015-01-31,2904,3,19,20,32,36,11
2015-02-04,2905,1,2,12,19,45,8
2015-02-07,2906,6,20,23,24,29,25
2015-02-11,2907,10,26,38,43,46,24
2015-02-14,2908,8,9,18,22,31,27
2015-02-18,2909,24,28,29,32,44,2
2015-02-21,2910,13,18,21,31,38,21
2015-02-25,2911,11,29,35,36,39,10
2015-02-28,2912,18,33,34,36,45,17
2015-03-04,2913,15,23,32,36,39,20
2015-03-07,2914,15,19,22,43,46,7
2015-03-11,2915,7,28,32,44,47,4
2015-03-14,2916,13,17,18,22,37,24
2015-03-18,2917,1,3,12,15,26,19
2015-03-21,2918,2,21,28,39,45,4
2015-03-25,2919,3,5,10,25,47,7
2015-03-28,2920,7,9,24,29,41,27
2015-04-01,2921,2,6,12,34,46,27
2015-04-04,2922,1,4,20,27,36,15
2015-04-08,2923,9,20,26,27,47,26
2015-04-11,2924,6,13,16,27,42,4
2015-04-15,2925,3,5,6,14,38,10
2015-04-18,2926,7,22,36,38,45,7
2015-04-22,2927,7,11,35,39,42,18
2015-04-25,2928,4,10,15,40,47,11
2015-04-29,2929,5,24,25,34,47,3
2015-05-02,2930,23,31,34,36,45,4
2015-05-06,2931,11,14,35,40,43,9
2015-05-09,2932,8,24,41,44,47,23
2015-05-13,2933,12,18,28,38,43,20
2015-05-16,2934,2,5,22,39,42,3
2015-05-20,2935,1,4,11,22,29,20
2015-05-23,2936,11,12,17,19,46,26
2015-05-27,2937,27,33,35,42,43,18
2015-05-30,2938,11,25,31,34,47,16
2015-06-03,2939,7,17,18,29,40,13
2015-06-06,2940,16,22,23,39,42,25
2015-06-10,2941,1,39,43,44,47,10
2015-06-13,2942,14,15,33,38,41,27
2015-06-17,2943,7,20,32,33,37,9
2015-06-20,2944,4,12,31,33,34,14
2015-06-24,2945,27,29,30,37,44,8
2015-06-27,2946,1,5,16,21,35,13
2015-07-01,2947,7,14,29,34,37,10
2015-07-04,2948,17,19,23,30,43,6
2015-07-08,2949,6,25,34,41,45,10
2015-07-11,2950,18,23,33,34,39,10
2015-07-15,2951,1,11,17,26,44,18
2015-07-18,2952,4,22,24,31,43,1
2015-07-22,2953,1,3,34,35,36,24
2015-07-25,2954,9,19,21,24,45,27
2015-07-29,2955,13,15,33,35,36,15
2015-08-01,2956,1,3,6,17,28,2
2015-08-05,2957,10,15,16,26,29,27
2015-08-08,2958,1,16,30,33,46,24
2015-08-12,2959,13,29,40,43,44,12
2015-08-15,2960,14,21,27,30,45,3
2015-08-19,2961,5,23,31,42,45,6
2015-08-22,2962,6,9,31,33,42,13
2015-08-26,2963,19,28,31,39,47,17
2015-08-29,2964,6,20,32,39,43,16
2015-09-02,2965,17,23,36,38,40,8
2015-09-05,2966,4,22,39,44,47,9
2015-09-09,2967,9,15,18,21,22,26
2015-09-12,2968,4,10,15,33,46,15
2015-09-16,2969,6,8,21,34,35,25
2015-09-19,2970,17,21,27,30,47,24
2015-09-23,2971,17,25,26,30,44,16
2015-09-26,2972,4,15,25,44,45,2
2015-09-30,2973,6,13,15,31,32,26
2015-10-03,2974,2,12,16,17,43,22
2015-10-07,2975,4,11,12,28,41,22
2015-10-10,2976,21,28,33,34,37,17
2015-10-14,2977,11,13,25,30,43,4
2015-10-17,2978,12,14,21,32,36,14
2015-10-21,2979,5,13,16,19,27,9
2015-10-24,2980,1,12,15,28,45,27
2015-10-28,2981,7,9,12,20,34,5
2015-10-31,2982,25,32,35,38,44,3
2015-11-04,2983,4,10,18,29,38,24
2015-11-07,2984,5,10,26,32,42,10
2015-11-11,2985,5,9,22,36,44,12
2015-11-14,2986,2,17,18,35,42,1
2015-11-18,2987,13,21,34,37,41,2
2015-11-21,2988,7,15,19,38,47,25
2015-11-25,2989,12,20,24,25,39,3
2015-11-28,2990,9,16,20,21,31,1
2015-12-02,2991,1,24,32,36,42,14
2015-12-05,2992,9,30,37,44,46,8
2015-12-09,2993,7,11,13,40,47,22
2015-12-12,2994,11,12,22,24,42,27
2015-12-16,2995,1,2,7,13,23,11
2015-12-19,2996,4,17,25,27,31,14
2015-12-23,2997,6,9,11,19,47,5
2015-12-26,2998,3,4,25,37,47,11
2015-12-30,2999,3,4,6,25,26,22
2016-01-02,3000,10,21,29,39,43,24
2016-01-06,3001,2,9,15,35,37,18
2016-01-09,3002,5,12,24,25,36,4
2016-01-13,3003,12,13,35,40,45,24
2016-01-16,3004,10,11,26,28,47,9
2016-01-20,3005,3,14,18,25,38,22
2016-01-23,3006,12,14,22,30,32,12
2016-01-27,3007,12,29,33,36,43,10
2016-01-30,3008,2,31,33,36,38,17
2016-02-03,3009,11,14,21,32,47,11
2016-02-06,3010,4,20,29,37,45,23
2016-02-10,3011,3,8,12,24,30,1
2016-02-13,3012,9,13,25,44,45,5
2016-02-17,3013,21,26,28,38,44,1
2016-02-20,3014,22,24,31,34,36,3
2016-02-24,3015,6,11,16,42,43,10
2016-02-27,3016,2,8,10,28,47,10
2016-03-02,3017,9,10,18,19,42,24
2016-03-05,3018,4,5,8,10,21,6
2016-03-09,3019,2,17,24,31,41,15
2016-03-12,3020,2,16,27,34,36,12
2016-03-16,3021,15,19,22,37,46,10
2016-03-19,3022,2,17,19,24,33,22
2016-03-23,3023,5,23,38,43,47,27
2016-03-26,3024,3,12,13,26,33,18
2016-03-30,3025,22,24,28,33,39,24
2016-04-02,3026,3,5,10,43,47,6
2016-04-06,3027,12,14,22,32,45,18
2016-04-09,3028,16,18,36,40,42,7
2016-04-13,3029,14,22,25,31,46,9
2016-04-16,3030,22,29,32,36,43,17
2016-04-20,3031,2,14,25,27,35,20
2016-04-23,3032,16,26,28,33,39,8
2016-04-27,3033,7,26,31,34,43,8
2016-04-30,3034,13,16,24,29,38,18
2016-05-04,3035,1,8,13,15,39,19
2016-05-07,3036,6,14,18,20,38,10
2016-05-11,3037,8,24,31,32,43,17
2016-05-14,3038,3,4,27,30,40,17
2016-05-18,3039,4,19,37,40,42,13
2016-05-21,3040,8,12,27,34,44,15
2016-05-25,3041,4,6,9,16,47,10
2016-05-28,3042,4,10,11,32,33,23
2016-06-01,3043,2,22,25,34,36,12
2016-06-04,3044,8,11,27,35,45,3
2016-06-08,3045,2,14,19,22,32,10
2016-06-11,3046,2,10,25,31,40,12
2016-06-15,3047,15,21,38,43,46,5
2016-06-18,3048,8,13,17,19,39,5
2016-06-22,3049,6,12,26,28,33,24
2016-06-25,3050,7,23,28,39,45,18
2016-06-29,3051,10,25,28,37,39,21
2016-07-02,3052,12,23,25,39,40,3
2016-07-06,3053,17,21,29,45,46,24
2016-07-09,3054,13,18,25,37,43,16
2016-07-13,3055,8,13,14,24,27,1
2016-07-16,3056,5,24,31,39,43,24
2016-07-20,3057,3,6,15,20,34,15
2016-07-23,3058,7,23,30,36,44,2
2016-07-27,3059,5,7,12,34,42,23
2016-07-30,3060,2,3,27,28,30,17
2016-08-03,3061,12,18,19,29,32,18
2016-08-06,3062,1,29,34,36,46,15
2016-08-10,3063,1,23,40,44,46,15
2016-08-13,3064,6,18,39,44,47,2
2016-08-17,3065,22,31,36,46,47,18
2016-08-20,3066,10,18,27,39,41,4
2016-08-24,3067,2,9,40,44,46,25
2016-08-27,3068,20,25,37,44,45,27
2016-08-31,3069,15,17,30,41,46,12
2016-09-03,3070,1,3,4,9,42,23
2016-09-07,3071,14,20,23,32,39,10
2016-09-10,3072,10,29,30,37,44,5
2016-09-14,3073,8,25,32,35,45,24
2016-09-17,3074,16,20,22,34,41,6
2016-09-21,3075,6,36,38,41,46,17
2016-09-24,3076,8,12,15,30,35,27
2016-09-28,3077,8,18,24,37,43,5
2016-10-01,3078,1,3,20,30,39,3
2016-10-05,3079,9,13,27,33,40,8
2016-10-08,3080,2,17,33,36,43,19
2016-10-12,3081,5,11,22,23,31,26
2016-10-15,3082,4,5,13,24,43,2
2016-10-19,3083,4,9,11,15,21,6
2016-10-22,3084,3,7,12,25,42,27
2016-10-26,3085,8,19,21,26,33,15
2016-10-29,3086,2,4,26,30,37,11
2016-11-02,3087,6,7,11,42,47,2
2016-11-05,3088,1,20,29,31,37,1
2016-11-09,3089,8,26,31,35,47,12
2016-11-12,3090,21,35,37,40,44,24
2016-11-16,3091,14,28,33,37,43,27
2016-11-19,3092,3,11,15,16,32,22
2016-11-23,3093,15,25,27,30,34,1
2016-11-26,3094,1,16,21,22,39,24
2016-11-30,3095,17,21,28,38,47,11
2016-12-03,3096,3,13,20,44,47,16
2016-12-07,3097,2,10,11,15,38,19
2016-12-10,3098,6,13,15,36,45,25
2016-12-14,3099,6,10,16,29,31,17
2016-12-17,3100,10,24,32,34,40,10
2016-12-21,3101,16,21,28,40,41,16
2016-12-24,3102,2,18,31,35,39,2
2016-12-28,3103,10,13,16,34,41,6
2016-12-31,3104,1,3,10,46,47,6
2017-01-04,3105,11,15,20,38,47,16
2017-01-07,3106,6,32,33,34,44,18
2017-01-11,3107,8,15,20,43,44,23
2017-01-14,3108,1,9,10,19,26,21
2017-01-18,3109,17,25,29,31,37,6
2017-01-21,3110,7,14,20,22,46,22
2017-01-25,3111,9,13,27,29,33,10
2017-01-28,3112,11,15,22,33,35,20
2017-02-01,3113,3,8,10,27,31,16
2017-02-04,3114,5,15,18,22,41,20
2017-02-08,3115,4,11,37,40,45,12
2017-02-11,3116,11,24,27,34,40,19
2017-02-15,3117,5,9,16,27,41,5
2017-02-18,3118,9,18,24,27,41,21
2017-02-22,3119,15,28,32,34,47,14
2017-02-25,3120,3,11,24,30,46,15
2017-03-01,3121,8,20,29,33,42,23
2017-03-04,3122,17,34,35,41,46,19
2017-03-08,3123,2,11,25,33,37,3
2017-03-11,3124,16,17,19,38,47,25
2017-03-15,3125,13,31,34,36,44,1
2017-03-18,3126,29,33,38,44,46,5
2017-03-22,3127,8,26,28,33,42,23
2017-03-25,3128,10,13,17,18,20,11
2017-03-29,3129,7,10,11,21,35,13
2017-04-01,3130,8,10,35,39,47,23
2017-04-05,3131,20,33,35,40,41,11
2017-04-08,3132,6,12,22,27,36,19
2017-04-12,3133,9,14,17,23,29,5
2017-04-15,3134,3,10,16,18,19,2
2017-04-19,3135,2,28,33,34,38,4
2017-04-22,3136,6,13,16,39,44,13
2017-04-26,3137,6,19,28,42,45,7
2017-04-29,3138,4,14,31,42,43,2
2017-05-03,3139,9,22,23,32,37,6
2017-05-06,3140,16,24,31,40,44,7
2017-05-10,3141,7,16,17,36,38,22
2017-05-13,3142,13,16,18,27,32,20
2017-05-17,3143,8,20,24,27,34,13
2017-05-20,3144,6,10,31,45,47,8
2017-05-24,3145,1,14,16,31,44,22
2017-05-27,3146,7,8,15,34,45,3
2017-05-31,3147,7,8,20,23,36,6
2017-06-03,3148,9,25,30,33,41,1
2017-06-07,3149,28,34,36,46,47,12
2017-06-10,3150,3,4,5,16,20,2
2017-06-14,3151,1,16,26,34,35,25
2017-06-17,3152,5,24,25,40,47,7
2017-06-21,3153,5,20,25,32,46,19
2017-06-24,3154,1,12,25,35,38,12
2017-06-28,3155,12,21,22,38,44,22
2017-07-01,3156,10,29,31,35,45,23
2017-07-05,3157,10,19,22,29,42,4
2017-07-08,3158,3,4,19,27,45,22
2017-07-12,3159,9,14,34,35,36,27
2017-07-15,3160,8,24,26,32,44,11
2017-07-19,3161,6,7,17,29,46,11
2017-07-22,3162,17,24,35,36,38,9
2017-07-26,3163,10,15,19,22,27,19
2017-07-29,3164,8,14,16,38,39,16
2017-08-02,3165,11,36,37,41,47,25
2017-08-05,3166,6,9,19,27,38,15
2017-08-09,3167,20,28,29,30,31,17
2017-08-12,3168,10,27,28,34,41,7
2017-08-16,3169,23,31,34,43,47,19
2017-08-19,3170,8,14,21,27,47,25
2017-08-23,3171,7,8,20,27,35,7
2017-08-26,3172,1,4,13,27,45,16
2017-08-30,3173,21,22,35,38,47,22
2017-09-02,3174,1,3,15,30,41,12
2017-09-06,3175,13,25,31,43,47,14
2017-09-09,3176,14,15,22,36,46,21
2017-09-13,3177,2,12,16,32,44,2
2017-09-16,3178,4,5,7,26,33,19
2017-09-20,3179,4,36,38,40,46,21
2017-09-23,3180,4,6,8,13,46,6
2017-09-27,3181,2,8,12,37,44,12
2017-09-30,3182,10,21,30,42,46,3
2017-10-04,3183,21,24,27,30,39,22
2017-10-07,3184,16,18,24,41,47,23
2017-10-11,3185,17,32,33,38,43,27
2017-10-14,3186,3,6,20,40,41,16
2017-10-18,3187,5,10,24,33,35,13
2017-10-21,3188,4,18,27,36,47,15
2017-10-25,3189,5,29,36,37,44,8
2017-10-28,3190,8,12,24,30,37,6
2017-11-01,3191,22,26,43,44,47,24
2017-11-04,3192,5,8,29,32,41,25
2017-11-08,3193,16,17,22,38,41,3
2017-11-11,3194,4,16,21,39,47,8
2017-11-15,3195,18,20,21,38,45,9
2017-11-18,3196,19,34,42,43,46,20
2017-11-22,3197,8,27,32,40,42,3
2017-11-25,3198,13,17,21,25,46,19
2017-11-29,3199,3,7,26,27,33,6
2017-12-02,3200,7,18,33,40,42,7
2017-12-06,3201,1,2,7,12,24,23
2017-12-09,3202,8,19,34,41,45,21
2017-12-13,3203,11,14,15,19,39,15
2017-12-16,3204,4,17,21,37,44,17
2017-12-20,3205,1,7,13,27,29,26
2017-12-23,3206,1,4,7,34,40,1
2017-12-27,3207,1,8,14,24,41,10
2017-12-30,3208,25,27,30,32,37,3
2018-01-03,3209,18,24,27,31,35,15
2018-01-06,3210,4,15,21,24,39,6
2018-01-10,3211,19,36,37,44,46,23
2018-01-13,3212,3,24,28,33,40,27
2018-01-17,3213,3,8,18,31,36,7
2018-01-20,3214,16,22,25,41,44,3
2018-01-24,3215,10,25,29,41,43,20
2018-01-27,3216,5,8,19,40,45,1
2018-01-31,3217,4,6,19,21,32,24
2018-02-03,3218,10,29,41,45,46,10
2018-02-07,3219,7,15,18,20,24,1
2018-02-10,3220,27,32,33,41,42,7
2018-02-14,3221,8,15,23,26,46,21
2018-02-17,3222,19,27,34,36,39,17
2018-02-21,3223,10,25,31,43,45,6
2018-02-24,3224,6,15,22,29,38,24
2018-02-28,3225,6,7,9,14,25,13
2018-03-03,3226,6,24,42,43,45,9
2018-03-07,3227,7,10,12,19,37,8
2018-03-10,3228,17,19,30,31,42,25
2018-03-14,3229,4,9,18,24,32,3
2018-03-17,3230,10,11,16,25,35,6
2018-03-21,3231,6,14,20,25,42,1
2018-03-24,3232,1,9,15,22,43,3
2018-03-28,3233,3,4,10,21,42,3
2018-03-31,3234,12,27,29,30,47,19
2018-04-04,3235,3,12,15,24,36,23
2018-04-07,3236,13,16,24,38,39,4
2018-04-11,3237,5,9,16,22,28,23
2018-04-14,3238,5,14,27,31,39,19
2018-04-18,3239,1,9,18,25,32,17
2018-04-21,3240,12,14,19,30,34,11
2018-04-25,3241,8,18,20,36,45,21
2018-04-28,3242,2,9,17,22,37,22
2018-05-02,3243,11,25,28,33,44,11
2018-05-05,3244,1,15,36,38,43,26
2018-05-09,3245,4,7,28,37,41,2
2018-05-12,3246,1,9,17,20,25,7
2018-05-16,3247,18,22,24,31,43,15
2018-05-19,3248,12,22,25,30,37,24
2018-05-23,3249,6,34,38,39,44,12
2018-05-26,3250,4,25,30,42,47,23
2018-05-30,3251,14,17,23,25,46,6
2018-06-02,3252,3,11,15,37,44,10
2018-06-06,3253,3,16,19,26,37,1
2018-06-09,3254,5,11,27,33,47,18
2018-06-13,3255,8,38,40,44,47,4
2018-06-16,3256,11,13,24,30,42,4
2018-06-20,3257,6,15,19,25,28,1
2018-06-23,3258,2,6,9,13,23,22
2018-06-27,3259,6,16,29,32,34,15
2018-06-30,3260,1,22,23,26,36,4
2018-07-04,3261,21,32,33,38,44,8
2018-07-07,3262,1,10,34,36,39,25
2018-07-11,3263,15,16,18,20,39,3
2018-07-14,3264,5,12,24,26,37,4
2018-07-18,3265,1,3,4,16,39,19
2018-07-21,3266,3,4,30,32,44,11
2018-07-25,3267,6,16,27,30,40,11
2018-07-28,3268,4,8,11,31,33,12
2018-08-01,3269,1,4,23,35,44,2
2018-08-04,3270,14,19,33,38,46,16
2018-08-08,3271,3,21,30,32,46,19
2018-08-11,3272,11,23,24,28,46,18
2018-08-15,3273,8,10,36,39,47,2
2018-08-18,3274,4,5,24,30,38,26
2018-08-22,3275,2,11,24,37,46,15
2018-08-25,3276,3,13,14,17,38,20
2018-08-29,3277,10,23,28,38,39,15
2018-09-01,3278,12,14,27,29,37,3
2018-09-05,3279,6,8,24,27,38,5
2018-09-08,3280,17,25,28,41,47,9
2018-09-12,3281,3,14,37,39,41,18
2018-09-15,3282,17,20,28,34,39,27
2018-09-19,3283,8,13,15,30,41,24
2018-09-22,3284,9,22,24,44,45,5
2018-09-26,3285,9,21,28,32,36,17
2018-09-29,3286,7,11,23,25,37,6
2018-10-03,3287,9,16,18,20,32,15
2018-10-06,3288,3,14,15,16,26,4
2018-10-10,3289,16,21,34,40,46,24
2018-10-13,3290,3,23,30,38,40,1
2018-10-17,3291,3,11,16,22,23,9
2018-10-20,3292,11,19,36,38,45,18
2018-10-24,3293,1,2,6,34,44,6
2018-10-27,3294,1,8,23,28,38,17
2018-10-31,3295,28,36,40,41,47,15
2018-11-03,3296,14,23,31,33,39,18
2018-11-07,3297,12,25,28,45,47,16
2018-11-10,3298,1,3,20,36,37,18
2018-11-14,3299,6,25,32,39,44,9
2018-11-17,3300,20,23,34,45,46,1
2018-11-21,3301,1,10,12,38,43,12
2018-11-24,3302,7,15,16,22,44,1
2018-11-28,3303,18,21,26,34,43,1
2018-12-01,3304,7,9,14,30,32,7
2018-12-05,3305,3,6,13,33,42,24
2018-12-08,3306,11,17,32,35,45,19
2018-12-12,3307,6,11,15,35,42,16
2018-12-15,3308,2,21,22,44,45,1
2018-12-19,3309,7,9,17,24,35,22
2018-12-22,3310,18,24,26,35,40,23
2018-12-26,3311,1,11,31,36,47,11
2018-12-29,3312,4,6,17,35,42,6
2019-01-02,3313,21,29,39,42,47,19
2019-01-05,3314,3,8,17,23,46,18
2019-01-09,3315,3,28,29,43,44,18
2019-01-12,3316,6,18,24,31,42,24
2019-01-16,3317,1,22,34,37,44,27
2019-01-19,3318,2,10,20,23,32,16
2019-01-23,3319,6,22,25,28,34,6
2019-01-26,3320,10,16,23,31,34,8
2019-01-30,3321,3,14,16,20,46,4
2019-02-02,3322,3,34,37,45,47,17
2019-02-06,3323,1,4,17,18,38,12
2019-02-09,3324,8,22,31,33,47,25
2019-02-13,3325,8,26,33,40,46,13
2019-02-16,3326,5,14,15,35,45,5
2019-02-20,3327,9,18,35,40,46,4
2019-02-23,3328,15,21,23,26,34,18
2019-02-27,3329,2,11,25,26,32,13
2019-03-02,3330,22,27,30,33,46,25
2019-03-06,3331,9,10,27,39,43,11
2019-03-09,3332,6,14,19,22,39,7
2019-03-13,3333,20,29,31,37,44,15
2019-03-16,3334,2,21,23,28,45,11
2019-03-20,3335,15,21,25,28,41,27
2019-03-23,3336,11,24,25,45,47,22
2019-03-27,3337,18,22,26,39,42,4
2019-03-30,3338,10,21,31,37,47,24
2019-04-03,3339,2,9,21,37,42,12
2019-04-06,3340,1,23,29,33,42,3
2019-04-10,3341,4,16,22,31,42,4
2019-04-13,3342,3,6,11,36,45,26
2019-04-17,3343,5,23,27,31,46,20
2019-04-20,3344,1,3,21,27,30,23
2019-04-24,3345,1,17,35,36,45,4
2019-04-27,3346,1,2,29,32,35,18
2019-05-01,3347,2,3,4,13,47,2
2019-05-04,3348,4,5,33,38,43,15
2019-05-08,3349,12,17,26,39,44,2
2019-05-11,3350,6,8,10,14,34,12
2019-05-15,3351,5,22,23,27,38,16
2019-05-18,3352,14,22,27,28,36,20
2019-05-22,3353,16,34,37,42,43,21
2019-05-25,3354,4,10,32,36,43,26
2019-05-29,3355,1,3,18,26,41,8
2019-06-01,3356,10,13,16,31,32,4
2019-06-05,3357,12,16,21,28,41,26
2019-06-08,3358,6,9,18,33,38,14
2019-06-12,3359,10,16,23,24,34,3
2019-06-15,3360,2,19,28,35,38,20
2019-06-19,3361,8,16,17,31,44,21
2019-06-22,3362,6,8,20,40,42,24
2019-06-26,3363,6,17,20,27,37,13
2019-06-29,3364,3,30,31,41,44,5
2019-07-03,3365,3,4,29,44,47,15
2019-07-06,3366,3,22,28,35,46,16
2019-07-10,3367,8,9,14,21,45,24
2019-07-13,3368,1,13,18,20,30,17
2019-07-17,3369,1,6,14,15,45,13
2019-07-20,3370,1,17,28,29,43,4
2019-07-24,3371,1,2,35,41,45,6
2019-07-27,3372,8,10,22,23,27,4
2019-07-31,3373,1,8,28,37,41,8
2019-08-03,3374,17,18,21,27,32,23
2019-08-07,3375,1,12,13,39,47,9
2019-08-10,3376,11,24,39,40,45,27
2019-08-14,3377,6,38,44,45,47,15
2019-08-17,3378,2,13,20,31,34,14
2019-08-21,3379,19,25,28,34,39,9
2019-08-24,3380,4,6,14,24,45,21
2019-08-28,3381,14,16,21,31,39,3
2019-08-31,3382,5,8,13,24,39,23
2019-09-04,3383,16,22,24,43,45,16
2019-09-07,3384,8,18,20,23,43,5
2019-09-11,3385,4,6,15,24,46,6
2019-09-14,3386,4,10,18,27,30,7
2019-09-18,3387,5,7,22,23,27,27
2019-09-21,3388,1,31,34,37,39,12
2019-09-25,3389,3,7,11,13,26,12
2019-09-28,3390,5,13,33,38,39,16
2019-10-02,3391,27,29,34,35,45,15
2019-10-05,3392,8,27,33,42,47,12
2019-10-09,3393,7,9,14,18,38,12
2019-10-12,3394,2,8,11,26,33,14
2019-10-16,3395,7,18,28,41,44,5
2019-10-19,3396,8,17,32,34,45,24
2019-10-23,3397,11,16,19,22,28,13
2019-10-26,3398,8,11,16,19,23,8
2019-10-30,3399,27,34,35,36,40,13
2019-11-02,3400,1,9,27,32,45,25
2019-11-06,3401,3,12,30,36,41,24
2019-11-09,3402,7,12,26,41,44,5
2019-11-13,3403,9,12,23,27,43,12
2019-11-16,3404,10,22,40,41,43,2
2019-11-20,3405,1,7,9,14,25,16
2019-11-23,3406,9,15,27,41,43,17
2019-11-27,3407,14,19,24,36,47,6
2019-11-30,3408,7,32,36,40,47,24
2019-12-04,3409,1,14,21,28,39,13
2019-12-07,3410,4,8,31,44,45,20
2019-12-11,3411,2,3,6,9,11,26
2019-12-14,3412,8,9,22,42,43,20
2019-12-18,3413,1,4,11,23,36,10
2019-12-21,3414,10,15,27,37,40,25
2019-12-25,3415,20,21,32,36,37,14
2019-12-28,3416,16,21,33,36,39,2
2020-01-01,3417,4,9,17,35,40,8
2020-01-04,3418,25,29,31,33,42,19
2020-01-08,3419,1,16,34,35,47,2
2020-01-11,3420,4,9,13,18,34,22
2020-01-15,3421,7,21,28,42,44,22
2020-01-18,3422,6,7,20,27,42,12
2020-01-22,3423,1,14,29,39,41,8
2020-01-25,3424,3,4,10,26,30,6
2020-01-29,3425,22,26,28,29,36,4
2020-02-01,3426,1,14,18,25,35,21
2020-02-05,3427,7,12,18,37,42,17
2020-02-08,3428,6,24,26,28,32,24
2020-02-12,3429,11,13,20,24,35,6
2020-02-15,3430,1,6,29,34,37,18
2020-02-19,3431,2,7,8,41,46,5
2020-02-22,3432,17,32,36,37,44,3
2020-02-26,3433,4,11,24,28,41,25
2020-02-29,3434,5,20,22,24,32,15
2020-03-04,3435,1,4,26,38,46,11
2020-03-07,3436,9,19,20,21,33,16
2020-03-11,3437,5,10,20,43,44,10
2020-03-14,3438,4,16,19,25,28,6
2020-03-18,3439,2,14,17,32,47,24
2020-03-21,3440,8,9,22,32,39,3
2020-03-25,3441,18,22,24,28,44,26
2020-03-28,3442,9,18,26,29,30,17
2020-04-01,3443,4,8,22,29,44,18
2020-04-04,3444,5,7,37,39,46,26
2020-04-08,3445,1,12,27,46,47,6
2020-04-11,3446,1,4,8,27,29,23
2020-04-15,3447,5,8,9,27,37,11
2020-04-18,3448,1,18,20,21,26,17
2020-04-22,3449,1,10,11,15,30,27
2020-04-25,3450,15,20,27,38,40,15
2020-04-29,3451,2,9,15,34,46,25
2020-05-02,3452,4,7,21,37,43,7
2020-05-06,3453,5,8,19,37,39,11
2020-05-09,3454,4,19,24,39,45,14
2020-05-13,3455,4,10,20,22,23,23
2020-05-16,3456,3,9,23,27,35,16
2020-05-20,3457,2,24,29,30,37,8
2020-05-23,3458,7,27,35,43,45,15
2020-05-27,3459,2,5,11,14,44,21
2020-05-30,3460,6,13,21,36,38,25
2020-06-03,3461,7,17,26,36,42,3
2020-06-06,3462,5,21,22,34,39,8
2020-06-10,3463,3,11,20,25,46,21
2020-06-13,3464,21,25,30,34,42,18
2020-06-17,3465,1,20,30,39,47,21
2020-06-20,3466,7,13,15,25,30,13
2020-06-24,3467,8,11,19,31,42,22
2020-06-27,3468,27,32,35,46,47,12
2020-07-01,3469,19,22,25,33,42,12
2020-07-04,3470,4,6,10,20,41,8
2020-07-08,3471,2,25,36,42,47,6
2020-07-11,3472,2,12,16,19,31,8
2020-07-15,3473,7,25,34,40,44,26
2020-07-18,3474,16,30,37,39,43,14
2020-07-22,3475,4,8,30,33,40,17
2020-07-25,3476,8,10,12,35,39,26
2020-07-29,3477,2,16,20,21,34,20
2020-08-01,3478,5,6,8,12,42,23
2020-08-05,3479,2,4,5,40,47,16
2020-08-08,3480,15,20,23,37,41,1
2020-08-12,3481,3,11,25,44,47,1
2020-08-15,3482,14,18,21,42,45,26
2020-08-19,3483,11,13,14,16,39,26
2020-08-22,3484,20,24,28,35,37,22
2020-08-26,3485,4,5,6,30,45,21
2020-08-29,3486,5,10,29,42,46,2
2020-09-02,3487,24,27,36,40,46,10
2020-09-05,3488,1,18,22,26,27,12
2020-09-09,3489,8,22,34,37,39,22
2020-09-12,3490,3,8,19,23,32,20
2020-09-16,3491,13,18,28,38,42,4
2020-09-19,3492,4,5,13,22,23,24
2020-09-23,3493,7,12,24,32,34,2
2020-09-26,3494,3,12,15,36,43,25
2020-09-30,3495,3,23,28,46,47,25
2020-10-03,3496,5,32,38,39,43,11
2020-10-07,3497,38,41,42,43,45,25
2020-10-10,3498,3,7,10,22,41,21
2020-10-14,3499,4,13,25,34,46,15
2020-10-17,3500,7,19,25,29,42,1
2020-10-21,3501,9,10,16,31,46,27
2020-10-24,3502,8,20,22,34,35,3
2020-10-28,3503,2,7,9,14,46,19
2020-10-31,3504,4,7,16,21,34,1
2020-11-04,3505,8,28,30,41,42,8
2020-11-07,3506,20,26,31,43,45,9
2020-11-11,3507,6,7,11,29,38,23
2020-11-14,3508,12,13,23,31,36,10
2020-11-18,3509,1,2,16,27,32,18
2020-11-21,3510,8,12,16,21,41,20
2020-11-25,3511,6,7,12,22,35,7
2020-11-28,3512,2,14,26,32,38,5
2020-12-02,3513,6,8,13,31,38,26
2020-12-05,3514,1,13,30,35,40,2
2020-12-09,3515,5,8,13,20,39,1
2020-12-12,3516,1,13,24,26,39,17
2020-12-16,3517,4,6,11,12,17,9
2020-12-19,3518,10,15,25,31,33,21
2020-12-23,3519,1,12,15,23,33,19
2020-12-26,3520,4,6,16,19,32,2
2020-12-30,3521,27,30,37,42,46,19
2021-01-02,3522,11,19,35,40,46,18
2021-01-06,3523,4,29,33,34,44,21
2021-01-09,3524,3,4,17,34,39,20
2021-01-13,3525,3,17,21,27,35,5
2021-01-16,3526,4,13,15,23,31,10
2021-01-20,3527,5,8,15,21,37,27
2021-01-23,3528,15,25,37,43,45,12
2021-01-27,3529,9,10,16,30,46,13
2021-01-30,3530,1,6,13,19,45,12
2021-02-03,3531,4,15,27,28,34,16
2021-02-06,3532,4,16,34,35,45,17
2021-02-10,3533,8,10,19,22,41,15
2021-02-13,3534,18,22,38,40,42,13
2021-02-17,3535,20,26,39,40,46,19
2021-02-20,3536,2,5,8,21,45,11
2021-02-24,3537,7,34,38,44,47,7
2021-02-27,3538,3,8,22,28,34,22
2021-03-03,3539,11,18,22,28,37,14
2021-03-06,3540,12,18,27,28,34,19
2021-03-10,3541,5,6,20,40,42,27
2021-03-13,3542,3,7,8,13,21,19
2021-03-17,3543,10,13,19,22,46,10
2021-03-20,3544,3,23,27,34,37,13
2021-03-24,3545,10,11,13,32,38,17
2021-03-27,3546,11,12,20,27,45,6
2021-03-31,3547,4,26,36,37,42,5
2021-04-03,3548,1,7,8,31,38,16
2021-04-07,3549,2,7,16,40,42,20
2021-04-10,3550,7,8,29,33,47,20
2021-04-14,3551,7,10,20,28,33,15
2021-04-17,3552,2,7,12,29,44,3
2021-04-21,3553,3,12,17,41,42,23
2021-04-24,3554,12,14,17,22,24,13
2021-04-28,3555,14,18,19,33,37,19
2021-05-01,3556,1,6,13,22,31,13
2021-05-05,3557,6,11,17,27,39,19
2021-05-08,3558,10,12,21,22,28,12
2021-05-12,3559,1,17,21,30,43,9
2021-05-15,3560,6,18,27,35,36,25
2021-05-19,3561,4,16,18,32,44,20
2021-05-22,3562,26,38,39,41,44,7
2021-05-26,3563,1,6,8,23,42,12
2021-05-29,3564,7,9,23,37,42,14
2021-06-02,3565,9,23,27,28,41,12
2021-06-05,3566,4,7,8,32,45,14
2021-06-09,3567,1,14,23,42,44,9
2021-06-12,3568,5,10,21,22,36,10
2021-06-16,3569,1,6,21,38,39,10
2021-06-19,3570,4,7,8,19,36,3
2021-06-23,3571,4,9,38,40,41,25
2021-06-26,3572,11,19,24,32,44,4
2021-06-30,3573,12,13,16,18,25,25
2021-07-03,3574,4,9,21,33,40,16
2021-07-07,3575,10,12,32,37,39,18
2021-07-10,3576,9,11,15,27,30,25
2021-07-14,3577,8,15,28,38,39,18
2021-07-17,3578,1,39,41,46,47,23
2021-07-21,3579,10,11,19,30,36,7
2021-07-24,3580,1,5,19,27,40,8
2021-07-28,3581,20,24,32,35,39,25
2021-07-31,3582,16,18,30,32,38,5
2021-08-04,3583,4,14,18,36,43,14
2021-08-07,3584,2,9,12,20,39,5
2021-08-11,3585,8,12,21,40,47,11
2021-08-14,3586,2,13,17,19,21,12
2021-08-18,3587,9,22,38,39,45,2
2021-08-21,3588,12,22,36,44,47,20
2021-08-25,3589,2,6,21,39,47,3
2021-08-28,3590,6,17,29,30,45,5
2021-09-01,3591,7,10,15,43,45,7
2021-09-04,3592,9,11,23,30,43,5
2021-09-08,3593,4,5,7,25,38,2
2021-09-11,3594,33,38,39,44,47,27
2021-09-15,3595,1,5,7,28,45,8
2021-09-18,3596,3,5,20,36,45,25
2021-09-22,3597,4,6,26,39,41,12
2021-09-25,3598,2,15,30,32,35,23
2021-09-29,3599,12,13,16,17,22,6
2021-10-02,3600,6,22,32,34,46,3
2021-10-06,3601,2,30,37,38,43,1
2021-10-09,3602,13,21,22,32,43,1
2021-10-13,3603,1,14,21,37,40,23
2021-10-16,3604,1,35,36,43,44,3
2021-10-20,3605,2,12,30,38,46,19
2021-10-23,3606,5,20,31,33,45,21
2021-10-27,3607,2,25,26,27,32,4
2021-10-30,3608,6,14,15,17,37,3
2021-11-03,3609,14,15,37,40,47,4
2021-11-06,3610,11,17,20,27,34,9
2021-11-10,3611,7,15,17,45,46,7
2021-11-13,3612,10,15,25,36,42,15
2021-11-17,3613,11,13,42,43,44,16
2021-11-20,3614,2,27,28,35,45,3
2021-11-24,3615,12,14,17,20,21,9
2021-11-27,3616,1,11,27,31,36,22
2021-12-01,3617,5,6,10,34,44,27
2021-12-04,3618,7,11,14,19,46,26
2021-12-08,3619,4,6,23,41,46,4
2021-12-11,3620,6,7,10,20,25,26
2021-12-15,3621,5,8,9,19,39,9
2021-12-18,3622,26,33,35,37,42,18
2021-12-22,3623,11,16,20,21,26,5
2021-12-25,3624,5,8,9,29,43,27
2021-12-29,3625,1,29,30,43,47,3
2022-01-01,3626,1,5,22,29,42,2
2022-01-05,3627,2,9,17,20,25,7
2022-01-08,3628,2,13,25,41,42,27
2022-01-12,3629,10,33,35,39,47,22
2022-01-15,3630,1,26,34,42,45,10
2022-01-19,3631,8,25,27,46,47,24
2022-01-22,3632,25,36,43,44,46,2
2022-01-26,3633,6,7,17,31,44,12
2022-01-29,3634,9,10,22,25,34,27
2022-02-02,3635,18,21,31,45,47,1
2022-02-05,3636,7,10,15,28,34,26
2022-02-09,3637,20,35,37,39,44,2
2022-02-12,3638,2,10,23,42,44,10
2022-02-16,3639,1,8,36,38,40,10
2022-02-19,3640,3,12,24,30,36,6
2022-02-23,3641,5,10,15,31,32,25
2022-02-26,3642,2,4,6,30,41,26
2022-03-02,3643,6,14,16,19,38,8
2022-03-05,3644,5,7,13,36,44,16
2022-03-09,3645,19,34,36,41,42,3
2022-03-12,3646,11,14,17,19,43,13
2022-03-16,3647,21,28,33,45,46,5
2022-03-19,3648,13,17,30,33,37,17
2022-03-23,3649,24,25,32,38,41,23
2022-03-26,3650,4,6,14,28,35,4
2022-03-30,3651,5,10,16,26,43,24
2022-04-02,3652,3,5,13,17,41,11
2022-04-06,3653,20,24,40,42,44,17
2022-04-09,3654,2,7,10,33,37,11
2022-04-13,3655,8,10,14,17,40,19
2022-04-16,3656,12,13,14,25,35,13
2022-04-20,3657,2,29,36,40,47,11
2022-04-23,3658,13,19,21,22,39,9
2022-04-27,3659,3,11,13,23,34,23
2022-04-30,3660,3,15,21,35,46,18
2022-05-04,3661,5,9,20,27,42,17
2022-05-07,3662,13,20,21,29,46,8
2022-05-11,3663,8,34,37,44,45,3
2022-05-14,3664,6,25,30,34,36,3
2022-05-18,3665,2,10,26,38,45,9
2022-05-21,3666,8,13,21,39,47,9
2022-05-25,3667,9,38,42,43,47,17
2022-05-28,3668,3,9,12,15,42,17
2022-06-01,3669,25,26,39,42,43,23
2022-06-04,3670,9,13,21,27,45,5
2022-06-08,3671,1,32,34,41,42,22
2022-06-11,3672,4,11,13,25,26,2
2022-06-15,3673,8,13,24,25,33,9
2022-06-18,3674,2,10,11,18,39,15
2022-06-22,3675,24,33,35,38,42,4
2022-06-25,3676,3,27,39,43,44,1
2022-06-29,3677,12,19,25,38,46,15
2022-07-02,3678,4,11,15,25,42,18
2022-07-06,3679,10,13,34,38,41,21
2022-07-09,3680,2,17,19,23,39,5
2022-07-13,3681,12,19,20,36,42,3
2022-07-16,3682,2,14,26,35,43,27
2022-07-20,3683,7,16,30,40,44,16
2022-07-23,3684,2,10,24,41,47,10
2022-07-27,3685,2,8,11,13,21,21
2022-07-30,3686,2,11,28,29,33,3
2022-08-03,3687,1,10,24,25,43,5
2022-08-06,3688,19,26,28,35,39,6
2022-08-10,3689,3,11,21,23,45,14
2022-08-13,3690,1,12,25,42,45,9
2022-08-17,3691,2,9,25,38,41,18
2022-08-20,3692,1,7,18,22,38,4
2022-08-24,3693,7,10,15,40,44,5
2022-08-27,3694,16,17,25,43,45,9
2022-08-31,3695,2,16,19,24,42,24
2022-09-03,3696,20,24,25,30,35,8
2022-09-07,3697,24,25,28,39,44,26
2022-09-10,3698,2,13,25,34,43,16
2022-09-14,3699,1,7,8,28,42,13
2022-09-17,3700,8,9,13,46,47,1
2022-09-21,3701,6,14,16,36,46,9
2022-09-24,3702,6,12,21,23,36,7
2022-09-28,3703,13,16,28,33,45,9
2022-10-01,3704,3,22,23,31,44,8
2022-10-05,3705,2,8,9,28,43,14
2022-10-08,3706,9,11,17,33,36,7
2022-10-12,3707,5,22,30,34,43,26
2022-10-15,3708,5,10,16,34,35,11
2022-10-19,3709,8,12,14,26,37,9
2022-10-22,3710,5,8,12,14,16,22
2022-10-26,3711,5,8,31,46,47,15
2022-10-29,3712,6,12,19,24,28,1
2022-11-02,3713,7,9,14,39,43,1
2022-11-05,3714,3,15,21,38,42,24
2022-11-09,3715,3,6,8,40,44,19
2022-11-12,3716,2,5,17,40,46,1
2022-11-16,3717,12,16,25,28,45,23
2022-11-19,3718,1,24,32,34,44,25
2022-11-23,3719,4,13,32,33,42,19
2022-11-26,3720,1,8,9,44,47,16
2022-11-30,3721,6,18,22,26,34,9
2022-12-03,3722,4,11,12,15,45,24
2022-12-07,3723,16,26,32,38,43,4
2022-12-10,3724,13,18,19,22,38,11
2022-12-14,3725,11,14,17,35,41,3
2022-12-17,3726,3,4,11,27,39,22
2022-12-21,3727,1,3,17,23,42,14
2022-12-24,3728,2,30,34,42,43,6
2022-12-28,3729,11,23,28,30,43,8
2022-12-31,3730,6,9,20,22,42,3
2023-01-04,3731,4,16,18,41,45,24
2023-01-07,3732,4,6,11,31,46,22
2023-01-11,3733,7,16,21,44,46,7
2023-01-14,3734,4,10,13,24,40,2
2023-01-18,3735,3,7,21,34,40,22
2023-01-21,3736,7,16,22,31,42,21
2023-01-25,3737,2,17,20,37,41,9
2023-01-28,3738,8,29,31,33,36,4
2023-02-01,3739,9,20,21,30,36,22
2023-02-04,3740,6,15,16,24,35,14
2023-02-08,3741,16,21,34,39,40,9
2023-02-11,3742,2,12,19,20,34,22
2023-02-15,3743,10,11,15,38,47,7
2023-02-18,3744,2,3,36,38,45,24
2023-02-22,3745,7,29,35,43,47,23
2023-02-25,3746,4,15,22,24,32,7
2023-03-01,3747,1,9,17,27,44,7
2023-03-04,3748,4,9,20,27,34,17
2023-03-08,3749,14,15,28,29,43,11
2023-03-11,3750,13,16,35,36,38,25
2023-03-15,3751,6,9,20,28,30,6
2023-03-18,3752,8,10,16,19,36,12
2023-03-22,3753,15,20,27,37,41,16
2023-03-25,3754,4,12,13,42,47,1
2023-03-29,3755,7,9,12,21,39,26
2023-04-01,3756,2,9,11,13,46,9
2023-04-05,3757,20,26,35,39,46,2
2023-04-08,3758,2,4,16,37,39,18
2023-04-12,3759,11,20,32,33,43,15
2023-04-15,3760,17,30,31,36,46,1
2023-04-19,3761,3,9,11,17,18,12
2023-04-22,3762,12,22,41,42,43,18
2023-04-26,3763,4,7,11,23,46,8
2023-04-29,3764,6,16,27,46,47,9
2023-05-03,3765,17,20,21,24,44,26
2023-05-06,3766,7,17,21,29,42,22
2023-05-10,3767,12,13,33,40,43,26
2023-05-13,3768,5,11,16,18,39,12
2023-05-17,3769,1,11,23,35,37,13
2023-05-20,3770,2,3,31,42,45,19
2023-05-24,3771,3,7,8,22,40,7
2023-05-27,3772,4,17,20,21,36,19
2023-05-31,3773,1,17,21,23,30,25
2023-06-03,3774,7,19,30,37,43,16
2023-06-07,3775,6,14,16,23,27,4
2023-06-10,3776,7,9,17,21,28,16
2023-06-14,3777,2,14,24,44,47,7
2023-06-17,3778,1,14,21,28,43,3
2023-06-21,3779,15,26,30,35,41,17
2023-06-24,3780,7,12,13,17,41,9
2023-06-28,3781,5,9,12,34,46,27
2023-07-01,3782,2,9,10,16,20,3
2023-07-05,3783,11,12,15,32,40,22
2023-07-08,3784,1,25,44,45,46,20
2023-07-12,3785,5,9,11,35,43,12
2023-07-15,3786,17,23,25,36,38,14
2023-07-19,3787,5,10,20,22,32,1
2023-07-22,3788,5,7,20,34,39,10
2023-07-26,3789,10,12,14,40,47,18
2023-07-29,3790,4,24,31,32,46,15
2023-08-02,3791,2,16,26,36,39,24
2023-08-05,3792,17,19,23,31,33,14
2023-08-09,3793,9,22,31,32,33,10
2023-08-12,3794,3,13,16,42,44,3
2023-08-16,3795,10,14,22,25,40,4
2023-08-19,3796,15,21,28,42,43,18
2023-08-23,3797,18,20,30,37,44,19
2023-08-26,3798,6,10,14,36,44,12
2023-08-30,3799,14,15,19,27,40,18
2023-09-02,3800,4,17,28,34,38,22
2023-09-06,3801,2,3,16,25,41,12
2023-09-09,3802,24,25,26,30,43,3
2023-09-13,3803,2,11,13,38,46,11
2023-09-16,3804,7,18,34,36,47,23
2023-09-20,3805,2,11,12,38,46,1
2023-09-23,3806,12,27,29,44,45,3
2023-09-27,3807,1,21,34,38,43,23
2023-09-30,3808,7,10,11,18,39,8
2023-10-04,3809,10,18,20,24,29,17
2023-10-07,3810,7,8,14,37,41,15
2023-10-11,3811,17,30,36,38,39,2
2023-10-14,3812,2,10,13,32,38,3
2023-10-18,3813,12,16,29,31,44,20
2023-10-21,3814,13,23,33,34,37,27
2023-10-25,3815,4,14,22,27,28,20
2023-10-28,3816,5,14,28,31,40,3
2023-11-01,3817,8,10,23,26,45,19
2023-11-04,3818,5,6,18,26,44,15
2023-11-08,3819,10,12,15,29,44,22
2023-11-11,3820,7,20,24,34,35,14
2023-11-15,3821,31,37,38,39,43,2
2023-11-18,3822,1,4,16,29,41,3
2023-11-22,3823,19,27,30,33,37,11
2023-11-25,3824,3,8,26,43,44,7
2023-11-29,3825,1,3,10,36,41,12
2023-12-02,3826,4,18,44,45,47,2
2023-12-06,3827,2,4,13,35,39,16
2023-12-09,3828,14,19,21,32,47,23
2023-12-13,3829,4,9,28,36,41,20
2023-12-16,3830,3,6,12,17,29,10
2023-12-20,3831,6,7,10,40,44,6
2023-12-23,3832,12,13,17,36,40,20
2023-12-27,3833,1,3,11,16,27,24
2023-12-30,3834,6,14,24,28,40,21
2024-01-03,3835,3,10,16,21,29,1
2024-01-06,3836,5,13,31,38,47,7
2024-01-10,3837,12,22,31,37,39,7
2024-01-13,3838,1,2,23,41,44,17
2024-01-17,3839,2,7,31,33,46,20
2024-01-20,3840,8,11,16,30,40,4
2024-01-24,3841,6,19,36,41,44,11
2024-01-27,3842,1,6,36,39,47,24
2024-01-31,3843,33,35,36,38,40,27
2024-02-03,3844,2,12,18,20,44,4
2024-02-07,3845,25,34,39,42,45,22
2024-02-10,3846,8,19,29,39,40,2
2024-02-14,3847,10,14,28,33,47,9
2024-02-17,3848,1,3,7,46,47,4
2024-02-21,3849,1,10,17,34,45,14
2024-02-24,3850,1,2,37,40,42,5
2024-02-28,3851,13,20,35,38,39,10
2024-03-02,3852,1,7,12,40,41,18
2024-03-06,3853,18,21,36,37,45,15
2024-03-09,3854,4,7,13,22,46,18
2024-03-13,3855,5,8,15,43,46,25
2024-03-16,3856,9,12,29,32,38,26
2024-03-20,3857,1,12,28,39,46,3
2024-03-23,3858,10,12,13,28,30,20
2024-03-27,3859,6,8,14,26,42,22
2024-03-30,3860,6,16,18,24,26,16
2024-04-03,3861,3,5,17,33,44,17
2024-04-06,3862,2,25,26,30,32,21
2024-04-10,3863,4,16,20,30,33,19
2024-04-13,3864,7,13,22,33,38,3
2024-04-17,3865,8,28,31,33,46,17
2024-04-20,3866,3,4,5,13,29,20
2024-04-24,3867,13,14,27,38,45,23
2024-04-27,3868,6,7,16,17,37,1
2024-05-01,3869,9,22,35,42,43,20
2024-05-04,3870,5,12,24,32,43,5
2024-05-08,3871,2,3,26,32,33,23
2024-05-11,3872,2,10,23,30,34,5
2024-05-15,3873,19,30,39,41,42,2
2024-05-18,3874,25,27,32,35,37,22
2024-05-22,3875,2,6,13,23,32,10
2024-05-25,3876,6,8,18,19,33,3
2024-05-29,3877,4,19,21,25,37,26
2024-06-01,3878,3,10,12,17,21,16
2024-06-05,3879,7,18,21,27,34,4
2024-06-08,3880,1,7,27,30,40,6
2024-06-12,3881,18,25,30,40,44,23
2024-06-15,3882,6,8,12,24,31,13
2024-06-19,3883,22,23,32,38,41,25
2024-06-22,3884,7,36,37,38,43,8
2024-06-26,3885,5,16,23,35,46,26
2024-06-29,3886,8,10,12,21,25,16
2024-07-03,3887,16,22,25,32,39,26
2024-07-06,3888,8,11,17,27,31,21
2024-07-10,3889,5,9,13,17,30,25
2024-07-13,3890,1,18,25,27,31,5
2024-07-17,3891,5,14,23,24,29,4
2024-07-20,3892,11,13,14,15,46,5
2024-07-24,3893,8,11,25,28,47,11
2024-07-27,3894,17,22,24,26,27,22
2024-07-31,3895,2,12,13,43,47,15
2024-08-03,3896,3,4,28,40,44,19
2024-08-07,3897,3,19,20,29,34,10
2024-08-10,3898,9,21,32,34,42,15
2024-08-14,3899,3,6,17,42,45,20
2024-08-17,3900,8,12,15,21,32,27
2024-08-21,3901,17,22,27,42,43,8
2024-08-24,3902,15,20,23,24,46,9
2024-08-28,3903,15,27,28,31,47,20
2024-08-31,3904,32,37,40,42,43,5
2024-09-04,3905,10,30,32,39,42,15
2024-09-07,3906,1,29,30,35,37,18
2024-09-11,3907,1,7,9,25,37,6
2024-09-14,3908,8,13,28,30,47,2
2024-09-18,3909,14,19,29,30,47,24
2024-09-21,3910,1,8,26,27,35,10
2024-09-25,3911,5,9,16,25,46,11
2024-09-28,3912,3,7,8,16,32,15
2024-10-02,3913,2,6,10,13,16,17
2024-10-05,3914,2,8,17,33,47,3
2024-10-09,3915,2,28,39,41,42,4
2024-10-12,3916,8,15,17,18,19,8
2024-10-16,3917,18,25,31,38,39,14
2024-10-19,3918,12,29,31,37,46,24
2024-10-23,3919,7,13,19,38,46,17
2024-10-26,3920,2,8,10,36,46,3
2024-10-30,3921,3,13,23,36,41,13
2024-11-02,3922,6,11,13,24,39,19
2024-11-06,3923,19,30,32,41,44,2
2024-11-09,3924,14,15,33,38,39,11
2024-11-13,3925,4,18,36,40,44,20
2024-11-16,3926,2,11,15,25,43,16
2024-11-20,3927,2,24,26,30,41,10
2024-11-23,3928,3,7,16,39,40,1
2024-11-27,3929,3,5,15,16,42,24
2024-11-30,3930,10,13,23,29,37,17
2024-12-04,3931,5,21,26,33,42,7
2024-12-07,3932,6,7,17,19,44,4
2024-12-11,3933,11,19,24,38,41,26
2024-12-14,3934,9,10,17,33,45,8
2024-12-18,3935,4,5,17,19,47,6
2024-12-21,3936,3,6,27,33,37,2
2024-12-25,3937,5,20,23,24,36,9
2024-12-28,3938,6,14,22,28,35,24
2025-01-01,3939,11,12,16,25,35,20
2025-01-04,3940,7,18,37,42,43,15
2025-01-08,3941,13,33,35,36,38,12
2025-01-11,3942,4,26,31,40,41,11
2025-01-15,3943,8,14,16,21,28,10
2025-01-18,3944,4,7,8,28,33,7
2025-01-22,3945,1,3,12,16,30,26
2025-01-25,3946,13,20,25,32,35,21
2025-01-29,3947,6,21,24,33,37,7
2025-02-01,3948,3,12,16,22,43,2
2025-02-05,3949,15,20,30,36,46,3
2025-02-08,3950,2,6,27,41,47,25
2025-02-12,3951,13,20,22,27,35,17
2025-02-15,3952,1,9,26,29,47,20
2025-02-19,3953,1,4,12,15,28,15
2025-02-22,3954,2,22,33,42,44,5
2025-02-26,3955,7,8,13,28,33,20
2025-03-01,3956,1,18,26,32,44,9
2025-03-05,3957,3,13,17,23,35,24
2025-03-08,3958,8,9,33,45,46,22
2025-03-12,3959,15,21,29,37,45,3
2025-03-15,3960,11,13,18,21,44,27
2025-03-19,3961,15,22,24,35,38,22
2025-03-22,3962,9,24,27,33,40,19
2025-03-26,3963,1,13,26,30,33,26
2025-03-29,3964,1,3,8,14,19,9
2025-04-02,3965,3,11,14,27,37,22
2025-04-05,3966,3,4,14,21,46,10
2025-04-09,3967,7,21,26,37,44,13
2025-04-12,3968,6,8,10,32,34,5
2025-04-16,3969,12,19,23,33,41,4
2025-04-19,3970,8,24,41,45,46,27
2025-04-23,3971,19,27,29,40,45,9
2025-04-26,3972,8,31,33,35,42,6
2025-04-30,3973,1,2,7,11,37,16
2025-05-03,3974,3,19,30,39,46,22
2025-05-07,3975,8,23,38,40,41,1
2025-05-10,3976,7,10,11,21,32,5
2025-05-14,3977,6,19,39,42,46,8
2025-05-17,3978,11,17,18,40,44,24
2025-05-21,3979,20,22,28,29,45,18
2025-05-24,3980,3,4,5,7,35,17
2025-05-28,3981,8,12,18,34,45,9
2025-05-31,3982,3,14,29,33,47,17
2025-06-04,3983,4,12,16,18,34,24
2025-06-07,3984,16,24,38,40,45,7
2025-06-11,3985,4,12,27,28,42,17
2025-06-14,3986,7,8,30,35,39,4
2025-06-18,3987,20,29,33,40,41,6
2025-06-21,3988,14,19,31,45,47,11
2025-06-25,3989,12,13,23,39,42,24
2025-06-28,3990,3,16,27,30,33,13
2025-07-02,3991,6,9,11,20,30,14
2025-07-05,3992,7,13,20,35,44,8
2025-07-09,3993,14,18,29,37,44,21
2025-07-12,3994,4,7,10,36,46,26
2025-07-16,3995,4,6,8,31,46,22
2025-07-19,3996,4,18,19,33,43,20
2025-07-23,3997,9,10,34,42,45,14
2025-07-26,3998,2,10,29,32,37,26
2025-07-30,3999,12,14,32,35,47,7
2025-08-02,4000,3,11,12,18,46,12
2025-08-06,4001,1,15,28,30,35,19
2025-08-09,4002,3,10,14,17,43,4
2025-08-13,4003,12,15,21,26,36,11
2025-08-16,4004,10,12,19,33,36,6
2025-08-20,4005,5,20,26,30,47,26
2025-08-23,4006,1,5,15,18,33,21
2025-08-27,4007,8,18,28,29,35,13
2025-08-30,4008,3,9,20,23,38,1
2025-09-03,4009,2,5,27,30,43,27
2025-09-06,4010,1,14,18,20,32,6
2025-09-10,4011,17,19,36,37,39,1
2025-09-13,4012,5,11,12,20,39,21
2025-09-17,4013,5,16,24,31,46,27
2025-09-20,4014,7,19,20,21,23,12
2025-09-24,4015,23,26,30,39,42,13
2025-09-27,4016,6,9,10,30,40,27
2025-10-01,4017,4,12,19,32,46,24
2025-10-04,4018,1,3,27,29,39,8
2025-10-08,4019,16,26,27,35,43,2
2025-10-11,4020,3,13,27,32,39,4
2025-10-15,4021,2,18,21,31,39,4
2025-10-18,4022,2,4,25,26,43,26
2025-10-22,4023,3,17,20,25,37,2
2025-10-25,4024,4,8,15,18,20,14
2025-10-29,4025,1,9,16,21,37,19
2025-11-01,4026,10,13,21,30,42,15
2025-11-05,4027,7,8,32,41,45,9
2025-11-08,4028,12,26,30,38,42,4
2025-11-12,4029,12,18,22,37,40,5
2025-11-15,4030,8,9,15,24,43,24
2025-11-19,4031,3,16,28,38,43,4
2025-11-22,4032,1,2,4,15,44,23
2025-11-26,4033,11,15,18,33,35,3
2025-11-29,4034,20,21,22,32,43,12
2025-12-03,4035,4,11,19,23,24,27
2025-12-06,4036,6,10,30,42,43,19
2025-12-10,4037,10,19,30,33,42,14
2025-12-13,4038,7,16,17,33,35,21
2025-12-17,4039,1,3,4,17,40,9
2025-12-20,4040,1,13,22,31,37,18
2025-12-24,4041,9,14,21,42,43,24
2025-12-27,4042,6,9,33,37,40,22
2025-12-31,4043,5,10,13,22,33,25
2026-01-03,4044,5,35,37,42,46,24
2026-01-07,4045,6,16,17,27,42,13
2026-01-10,4046,1,4,14,17,32,17
2026-01-14,4047,10,13,18,20,40,15
2026-01-17,4048,4,13,22,29,39,26
2026-01-21,4049,4,18,20,23,39,3
2026-01-24,4050,6,14,15,33,37,14
2026-01-28,4051,3,6,14,26,38,2
2026-01-31,4052,6,24,29,32,41,13
2026-02-04,4053,2,15,17,22,38,18
2026-02-07,4054,4,19,22,33,43,12
2026-02-11,4055,3,5,7,8,46,17
2026-02-14,4056,5,13,14,26,42,20
2026-02-18,4057,8,9,22,33,44,24
2026-02-21,4058,1,19,24,38,46,3
2026-02-25,4059,6,40,41,44,45,12
2026-02-28,4060,8,11,22,37,46,24
2026-03-04,4061,7,8,32,43,47,3
2026-03-07,4062,2,22,34,35,44,3
2026-03-11,4063,15,17,25,29,45,11
2026-03-14,4064,10,15,16,21,33,6
2026-03-18,4065,1,26,35,40,46,26
2026-03-21,4066,5,23,32,38,41,2
2026-03-25,4067,14,21,33,38,45,6
2026-03-28,4068,4,31,33,41,43,25
2026-04-01,4069,11,20,23,38,44,25
2026-04-04,4070,3,6,14,34,43,14
2026-04-08,4071,6,10,21,30,38,9
2026-04-11,4072,1,21,22,23,39,13
2026-04-15,4073,1,5,7,33,45,10
2026-04-18,4074,4,22,27,43,45,17
2026-04-22,4075,1,3,23,31,45,16
2026-04-25,4076,1,6,8,23,38,22
2026-04-29,4077,5,14,25,30,39,5
2026-05-02,4078,14,20,23,38,44,20
2026-05-06,4079,1,3,10,25,46,11
2026-05-09,4080,12,18,24,25,43,4
2026-05-13,4081,7,14,30,31,46,8
2026-05-16,4082,14,30,39,40,46,1
2026-05-20,4083,1,9,17,34,38,20
2026-05-23,4084,10,15,18,27,33,16
2026-05-27,4085,3,8,36,45,46,6
2026-05-30,4086,1,2,22,26,27,21
2026-06-03,4087,3,15,17,36,41,13
2026-06-06,4088,5,8,10,22,45,4
2026-06-10,4089,3,16,22,29,42,5
2026-06-13,4090,12,14,38,41,43,13
2026-06-17,4091,4,6,22,23,40,6
2026-06-20,4092,4,7,20,33,43,21
2026-06-24,4093,14,19,23,32,39,17
2026-06-27,4094,16,21,22,25,34,27
2026-07-01,4095,2,17,24,31,35,5
2026-07-04,4096,11,18,21,23,38,10
2026-07-08,4097,18,22,28,33,38,15
2026-07-11,4098,1,4,21,36,44,20
2026-07-15,4099,2,5,34,36,37,3
